name,region,iso2,population,pop_density,life_expectancy_male,life_expectancy_female,sex_ratio,gdp_per_capita,gdp_growth,unemployment,infant_mortality,fertility,homicide_rate,urban_population,internet_users,secondary_school_enrollment_female,secondary_school_enrollment_male,co2_emissions,forested_area
Afghanistan,Southern Asia,AF,38928,59.6,62.8,65.8,105.4,551.9,-1.7,11.2,51.7,4.6,6.7,25.8,13.5,40.0,70.1,31.3,2.1
Albania,Southern Europe,AL,2878,105.0,76.7,80.1,103.7,5223.8,4.1,12.8,8.0,1.6,2.3,61.2,71.8,95.7,95.2,4.3,28.2
Algeria,Northern Africa,DZ,43851,18.4,75.4,77.8,102.1,4114.7,1.4,11.5,21.2,3.0,1.4,73.2,49.0,101.5,97.8,130.5,0.8
Andorra,Southern Europe,AD,77,164.2,70.65,76.69999999999999,102.3,42051.6,1.6,5.4,14.35,1.2,0.0,88.0,91.6,91.6,88.4,31.3,34.0
Angola,Middle Africa,AO,32866,26.4,57.8,63.4,97.9,3437.3,-1.2,6.8,61.5,5.6,4.8,66.2,14.3,39.7,61.8,18.0,46.4
Antigua And Barbuda,Caribbean,AG,98,222.6,75.7,77.9,93.3,16727.0,7.4,5.4,5.2,2.0,11.1,24.5,76.0,109.1,113.3,31.3,22.3
Argentina,South America,AR,45196,16.5,73.0,79.8,95.3,11687.6,-2.5,10.4,10.2,2.3,5.3,92.0,74.3,111.0,106.5,183.4,9.9
Armenia,Western Asia,AM,2963,104.1,71.1,78.3,88.8,4212.1,5.2,16.6,10.8,1.8,1.7,63.2,64.7,84.8,81.7,5.2,11.7
Australia,Oceania,AU,25500,3.3,81.2,85.2,99.2,58392.7,2.0,5.3,3.1,1.8,0.9,86.1,86.5,141.2,159.0,384.6,16.2
Austria,Western Europe,AT,9006,109.3,78.9,83.8,97.2,51230.3,2.4,4.8,3.2,1.5,1.0,58.5,87.5,98.3,102.5,64.9,46.9
Azerbaijan,Western Asia,AZ,10139,122.7,70.3,75.3,99.8,4717.7,1.4,6.0,20.8,2.1,2.2,56.0,79.8,94.5,94.4,30.8,13.8
Bahamas,Caribbean,BS,393,39.3,71.5,75.9,94.5,32218.1,1.6,11.3,5.9,1.8,32.0,83.1,85.0,71.6,67.3,31.3,51.4
Bahrain,Western Asia,BH,1702,2238.9,76.2,78.2,183.1,24133.5,2.5,0.8,6.0,2.0,0.5,89.4,98.6,101.7,95.8,29.8,0.8
Bangladesh,Southern Asia,BD,164689,1265.2,70.5,74.1,102.2,1670.8,7.9,4.2,26.8,2.1,2.4,37.4,15.0,78.3,67.4,78.3,11.0
Barbados,Caribbean,BB,287,668.3,77.6,80.4,93.8,17745.9,-0.4,10.9,10.0,1.6,9.8,31.2,81.8,105.8,101.8,31.3,14.7
Belarus,Eastern Europe,BY,9449,46.6,69.3,79.3,87.1,6311.7,3.0,4.6,3.0,1.7,2.4,79.0,79.1,101.7,103.1,54.1,42.5
Belgium,Western Europe,BE,11590,382.7,79.0,83.7,98.3,47293.0,1.5,5.7,2.8,1.7,1.7,98.0,88.7,167.8,149.7,90.4,22.6
Belize,Central America,BZ,398,17.4,71.4,77.6,98.9,4884.7,2.1,6.4,12.8,2.3,37.8,45.9,47.1,87.1,83.7,31.3,59.9
Benin,Western Africa,BJ,12123,107.5,59.8,62.8,99.8,906.5,6.5,2.0,61.1,4.9,1.1,47.9,20.0,50.7,67.1,6.8,38.2
Bhutan,Southern Asia,BT,772,20.2,71.0,71.6,113.4,3523.8,5.8,2.4,24.1,2.0,1.2,41.6,48.1,95.7,84.7,31.3,72.2
"Bolivia, Plurinational State Of",South America,BO,11673,10.8,68.3,74.0,100.7,3548.6,4.2,3.4,29.7,2.8,6.2,69.8,44.3,88.8,90.7,21.9,50.6
Bosnia And Herzegovina,Southern Europe,BA,3281,64.3,74.6,79.6,96.0,5951.4,2.6,18.4,6.0,1.3,1.2,48.6,70.1,91.6,88.4,22.3,42.7
Botswana,Southern Africa,BW,2352,4.1,66.0,71.9,93.9,8258.2,4.5,18.7,30.2,2.9,15.2,70.2,47.0,83.5,76.4,7.7,19.1
Brazil,South America,BR,212559,25.4,71.9,79.3,96.6,8920.7,1.1,12.0,13.0,1.7,27.4,86.8,70.4,102.4,99.3,427.6,59.0
Brunei Darussalam,South-Eastern Asia,BN,438,83.0,74.5,76.9,107.8,31627.2,0.1,9.0,7.9,1.8,0.5,77.9,94.9,94.6,92.4,6.7,72.1
Bulgaria,Eastern Europe,BG,6948,64.0,71.3,78.5,94.4,9387.8,3.1,3.8,6.3,1.6,1.3,75.3,64.8,96.8,99.5,42.8,35.2
Burkina Faso,Western Africa,BF,20903,76.4,60.1,61.6,99.9,820.2,6.8,6.4,54.2,5.2,1.3,30.0,16.0,40.7,40.7,31.3,19.6
Burundi,Eastern Africa,BI,11891,463.0,59.2,62.8,98.5,294.0,0.1,1.4,42.4,5.4,6.1,13.4,2.7,51.1,45.8,31.3,10.7
Cape Verde,Western Africa,CV,556,138.0,69.2,75.9,100.8,3635.4,5.1,12.3,16.9,2.3,6.8,66.2,57.2,92.5,83.9,31.3,22.3
Cambodia,South-Eastern Asia,KH,16719,94.7,67.2,71.5,95.4,1512.1,7.5,0.7,23.7,2.5,1.8,23.8,40.0,41.6,48.7,10.8,53.6
Cameroon,Middle Africa,CM,26546,56.2,57.5,60.0,100.1,1534.5,4.1,3.4,61.2,4.6,1.4,57.0,23.2,55.4,64.6,6.2,39.8
Canada,Northern America,CA,37742,4.2,80.2,84.2,98.5,46192.4,1.9,5.4,4.5,1.5,1.8,81.5,91.0,114.5,113.0,547.8,38.7
Central African Republic,Middle Africa,CF,4830,7.8,50.5,54.9,98.3,480.7,4.3,3.7,81.9,4.8,20.1,41.8,4.3,13.8,20.5,31.3,35.6
Chad,Middle Africa,TD,16426,13.0,52.4,55.2,99.7,735.7,2.4,1.9,74.5,5.8,2.5,23.3,6.5,14.2,30.9,31.3,3.9
Chile,South America,CL,19116,25.7,77.4,82.3,97.3,15923.4,4.0,7.1,6.7,1.6,4.4,87.6,82.3,102.0,101.6,86.1,23.9
China,Eastern Asia,CN,1439324,153.3,74.5,79.0,105.3,9531.9,6.6,4.4,9.9,1.7,0.5,60.3,54.3,88.0,88.3,9257.9,22.1
Colombia,South America,CO,50883,45.9,74.2,79.8,96.5,6649.6,2.7,9.7,12.6,1.8,25.3,81.1,64.1,100.1,95.0,75.3,52.7
Comoros,Eastern Africa,KM,870,467.3,62.3,65.8,101.8,1400.5,3.0,4.4,53.1,4.2,2.5,29.2,8.5,61.4,57.6,31.3,19.9
Congo,Middle Africa,CG,5518,16.2,62.7,65.6,99.8,2702.6,1.0,9.3,35.3,4.4,2.5,67.4,8.6,48.8,56.3,2.8,65.4
"Congo, The Democratic Republic Of The",Middle Africa,CD,89561,39.5,58.7,61.7,99.7,560.8,5.8,4.2,64.9,6.0,2.5,45.0,8.6,36.0,56.3,2.2,67.3
Costa Rica,Central America,CR,5094,99.8,77.4,82.7,99.8,12026.5,2.7,12.7,7.3,1.8,11.3,80.1,74.1,137.7,128.1,7.6,54.0
Croatia,Southern Europe,HR,4105,73.4,75.0,81.4,93.1,14674.0,2.7,7.1,4.0,1.4,0.6,57.2,75.3,101.8,97.1,16.2,34.0
Cuba,Caribbean,CU,11327,106.4,76.7,80.7,98.6,8821.8,2.2,1.6,4.5,1.6,5.0,77.1,57.1,101.9,100.4,26.2,30.8
Cyprus,Western Asia,CY,1207,130.7,78.6,82.8,99.9,28967.6,4.1,7.2,3.5,1.3,1.3,66.8,84.4,99.5,101.1,6.4,18.7
Czech Republic,Eastern Europe,CZ,10709,138.6,76.5,81.8,97.0,22992.1,3.0,1.9,2.3,1.6,0.6,73.9,80.7,103.9,103.1,101.7,34.5
Denmark,Northern Europe,DK,5792,136.5,78.7,82.7,98.9,61833.7,2.4,4.8,3.1,1.8,1.0,88.0,97.3,129.8,128.4,31.3,15.3
Djibouti,Eastern Africa,DJ,988,42.6,64.6,68.7,110.7,3048.6,5.6,10.3,33.4,2.8,2.5,77.9,55.7,52.9,51.2,31.3,0.2
Dominica,Caribbean,DM,75,100.1,73.8,78.2,103.0,7691.3,2.3,5.4,14.35,2.3,26.6,70.8,69.6,93.8,94.7,31.3,57.8
Dominican Republic,Caribbean,DO,10848,224.5,70.7,77.1,99.8,7650.1,7.0,5.9,25.9,2.4,10.0,81.8,74.8,83.0,77.0,21.4,41.0
Timor-Leste,South-Eastern Asia,TL,1318,88.7,67.2,71.3,102.2,2035.5,2.8,4.6,37.3,4.1,4.1,30.9,27.5,87.0,80.3,31.3,46.1
Ecuador,South America,EC,17643,71.0,74.0,79.6,100.1,6344.9,1.4,4.2,13.6,2.4,5.8,64.0,57.3,102.8,100.1,34.3,50.5
Egypt,Northern Africa,EG,102334,102.8,69.5,74.1,102.1,2537.5,5.3,10.1,15.6,3.3,2.6,42.7,46.9,87.3,88.5,209.2,0.1
El Salvador,Central America,SV,6486,313.0,68.1,77.5,88.0,4058.2,2.5,4.2,14.6,2.1,52.0,72.7,33.8,71.4,71.9,5.7,12.8
Equatorial Guinea,Middle Africa,GQ,1403,50.0,57.3,59.4,125.3,10179.2,-4.7,6.5,66.1,4.6,2.5,72.6,26.2,22.1,29.9,31.3,55.9
Eritrea,Eastern Africa,ER,3546,35.1,63.6,68.0,100.5,1985.4,4.2,5.2,34.7,4.1,2.5,40.7,1.3,45.4,49.9,0.6,15.0
Estonia,Northern Europe,EE,1326,31.3,74.0,82.5,90.0,23241.9,4.8,5.4,2.0,1.6,2.1,69.1,89.4,118.9,116.2,16.0,51.3
Swaziland,Southern Africa,SZ,1160,67.5,55.2,63.9,96.7,4145.7,2.4,22.0,41.4,3.0,11.6,24.0,47.0,82.2,82.6,31.3,34.1
Ethiopia,Eastern Africa,ET,114964,115.0,64.1,67.9,100.1,735.1,6.8,2.1,37.0,4.3,8.8,21.2,18.6,34.2,35.6,13.1,12.5
Fiji,Melanesia,FJ,896,49.1,65.6,69.1,102.6,6267.0,3.5,4.1,20.3,2.8,2.3,56.8,50.0,94.3,85.7,31.3,55.7
Finland,Northern Europe,FI,5541,18.2,78.8,84.5,97.3,50135.7,1.7,6.7,1.7,1.5,1.6,85.4,88.9,161.5,146.8,42.6,73.1
France,Western Europe,FR,65274,119.2,79.4,85.4,93.8,41358.1,1.7,8.3,3.0,1.9,1.2,80.7,82.0,104.1,103.5,306.1,31.0
Gabon,Middle Africa,GA,2226,8.6,64.0,68.2,103.7,8018.8,1.2,20.2,35.3,4.0,2.5,89.7,62.0,91.6,88.4,3.4,89.3
Gambia,Western Africa,GM,2417,238.8,60.2,63.0,98.4,716.1,6.5,9.1,44.8,5.2,2.5,61.9,19.8,49.1,51.2,31.3,48.2
Georgia,Western Asia,GE,3989,57.4,69.1,77.9,91.1,4396.7,4.8,14.7,9.4,2.1,2.2,59.0,62.7,106.8,105.3,8.7,40.6
Germany,Western Europe,DE,83784,240.4,78.7,83.6,97.8,47513.7,1.5,3.0,3.2,1.6,0.9,77.4,89.7,95.2,101.4,718.8,32.7
Ghana,Western Africa,GH,31073,136.6,62.6,64.7,102.8,2201.6,6.3,4.5,35.6,3.9,2.1,56.7,39.0,64.5,64.6,13.8,41.0
Greece,Southern Europe,GR,10423,80.9,79.5,84.5,96.4,20731.2,1.9,15.5,2.8,1.3,0.9,79.4,73.0,101.4,107.5,63.2,31.5
Grenada,Caribbean,GD,112,331.0,70.1,75.0,101.5,10485.9,4.1,5.4,15.0,2.1,10.8,36.4,59.1,122.1,118.2,31.3,50.0
Guatemala,Central America,GT,17916,167.2,71.0,76.8,97.1,4549.0,3.1,2.5,20.7,2.9,22.5,51.4,65.0,51.4,54.0,15.7,33.0
Guinea,Western Africa,GN,13133,53.4,60.3,61.5,93.7,937.6,5.8,4.3,51.6,4.7,2.5,36.5,18.0,31.0,47.5,31.3,25.9
Guinea-Bissau,Western Africa,GW,1968,70.0,55.8,59.7,95.8,778.4,3.8,2.5,57.1,4.5,1.1,43.8,3.9,91.6,88.4,31.3,70.1
Guyana,South America,GY,787,4.0,66.7,72.9,101.2,4900.8,3.4,11.8,26.8,2.5,14.2,26.7,37.3,99.2,96.3,31.3,84.0
Haiti,Caribbean,HT,11402,413.7,61.4,65.7,97.4,834.9,1.5,13.9,54.3,3.0,6.7,56.2,32.5,91.6,88.4,3.3,3.5
Honduras,Central America,HN,9905,88.5,72.7,77.3,99.9,2500.1,3.7,5.2,15.0,2.5,38.9,57.7,31.7,55.9,48.6,9.4,41.0
Hungary,Eastern Europe,HU,9660,106.7,73.0,80.1,90.8,16264.0,5.1,3.5,4.1,1.5,2.5,71.6,76.1,103.6,103.4,45.8,22.7
Iceland,Northern Europe,IS,341,3.4,81.2,84.3,100.9,76867.3,4.6,3.2,1.3,1.8,0.9,93.9,99.0,116.9,118.1,2.2,0.5
India,Southern Asia,IN,1380004,464.1,68.1,70.5,108.2,2054.8,6.8,5.4,32.0,2.2,3.1,34.5,34.4,76.6,73.9,2161.6,23.8
Indonesia,South-Eastern Asia,ID,273524,151.0,69.3,73.6,101.4,3893.5,5.2,4.8,18.9,2.3,0.4,56.0,39.9,90.0,87.8,496.4,48.5
"Iran, Islamic Republic Of",Southern Asia,IR,83993,51.6,75.3,77.6,102.0,5783.5,-4.8,11.2,12.8,2.2,2.5,75.4,70.0,84.7,87.9,567.1,6.6
Iraq,Western Asia,IQ,40222,92.6,68.3,72.4,102.5,5523.1,-1.0,12.8,24.1,3.7,10.1,70.7,75.0,46.0,61.4,139.9,1.9
Ireland,Northern Europe,IE,4938,71.7,80.4,83.7,98.6,79414.6,8.2,5.2,2.7,1.8,0.9,63.4,84.5,124.3,126.3,35.7,10.9
Israel,Western Asia,IL,8656,400.0,81.0,84.3,99.1,44214.9,3.4,3.8,2.7,3.0,1.5,92.5,83.7,106.0,104.2,63.8,7.6
Italy,Southern Europe,IT,60462,205.6,81.0,85.4,94.9,34388.5,0.8,9.8,2.6,1.3,0.6,70.7,74.4,100.9,101.6,321.5,31.6
Cote D'ivoire,Western Africa,CI,26378,83.0,56.1,58.6,101.7,1716.4,7.4,3.4,60.4,4.7,2.5,51.2,46.8,44.3,57.7,10.2,32.7
Jamaica,Caribbean,JM,2961,273.4,72.8,75.9,98.5,5354.3,1.9,8.0,11.8,2.0,43.9,56.0,55.1,83.6,81.0,7.0,31.0
Japan,Eastern Asia,JP,126476,346.9,81.3,87.5,95.4,39082.1,0.8,2.3,1.8,1.4,0.3,91.7,91.3,91.6,88.4,1132.4,68.5
Jordan,Western Asia,JO,10203,114.9,72.7,76.1,102.6,4237.8,1.9,14.6,14.6,2.8,1.4,91.2,66.8,64.2,62.1,25.6,1.1
Kazakhstan,Central Asia,KZ,18777,7.0,68.8,77.4,94.3,9789.5,4.1,4.6,7.7,2.8,5.1,57.5,78.9,113.8,112.7,255.8,1.2
Kenya,Eastern Africa,KE,53771,94.5,63.8,68.5,98.8,1710.5,6.3,2.6,36.3,3.5,4.9,27.5,17.8,53.7,59.9,16.3,7.8
Kiribati,Micronesia,KI,119,147.5,63.9,72.0,96.8,1627.4,2.3,30.6,43.0,3.6,7.5,54.8,14.6,91.4,82.7,31.3,15.0
"Korea, Democratic People's Republic Of",Eastern Asia,KP,25779,214.1,68.3,75.4,95.7,687.9,-4.1,2.8,13.9,1.9,2.5,62.1,0.0,93.3,92.3,19.6,41.8
"Korea, Republic Of",Eastern Asia,KR,51269,527.3,79.6,85.7,100.2,33621.9,2.7,4.6,2.1,1.1,0.6,81.4,96.0,100.0,100.6,600.0,63.4
Kuwait,Western Asia,KW,4271,239.7,74.6,76.4,157.9,34248.8,1.2,2.3,7.1,2.1,1.8,100.0,99.6,101.0,94.9,89.4,0.4
Kyrgyzstan,Central Asia,KG,6524,34.0,67.2,75.4,97.9,1283.8,3.5,6.6,15.5,3.0,2.2,36.6,38.0,95.0,95.1,8.9,3.3
Lao People's Democratic Republic,South-Eastern Asia,LA,7276,31.5,65.7,69.2,100.8,2542.5,6.2,0.6,38.8,2.7,2.5,35.6,25.5,65.0,69.6,31.3,81.3
Latvia,Northern Europe,LV,1886,30.3,69.9,79.8,85.5,17851.6,4.6,6.5,3.3,1.7,4.4,68.2,83.6,110.2,111.3,6.7,54.0
Lebanon,Western Asia,LB,6825,667.2,77.0,80.8,101.4,8223.7,0.2,6.3,9.4,2.1,2.5,88.8,78.2,91.6,88.4,26.9,13.4
Lesotho,Southern Africa,LS,2142,70.6,50.4,56.8,97.4,1248.0,1.2,22.8,62.3,3.2,43.6,28.6,29.0,71.3,52.8,31.3,1.6
Liberia,Western Africa,LR,5058,52.5,62.2,65.0,101.1,440.3,1.2,2.7,54.1,4.4,3.3,51.6,8.0,32.9,42.8,31.3,43.4
Libya,Northern Africa,LY,6871,3.9,69.9,75.7,101.9,5147.3,17.9,18.6,10.5,2.2,2.5,80.4,21.8,106.0,90.2,41.5,0.1
Liechtenstein,Western Europe,LI,39,241.5,70.65,76.69999999999999,98.4,179258.2,2.0,2.6,14.35,1.5,2.6,14.4,98.1,105.1,129.1,31.3,43.1
Lithuania,Northern Europe,LT,2722,43.4,70.0,81.1,86.2,19082.5,3.6,6.3,4.0,1.7,4.6,67.9,79.7,106.0,110.6,10.8,34.8
Luxembourg,Western Europe,LU,626,241.7,79.8,84.2,102.3,117369.5,3.1,5.2,2.9,1.4,0.3,91.2,97.1,104.8,102.6,8.6,35.7
Madagascar,Eastern Africa,MG,27691,47.6,64.9,68.1,99.6,527.4,4.6,1.8,29.0,4.1,2.5,37.9,9.8,37.1,36.0,31.3,21.4
Malawi,Eastern Africa,MW,19130,202.9,60.3,66.6,97.3,396.6,4.0,5.7,41.3,4.2,1.8,17.2,13.8,39.9,40.6,31.3,33.4
Malaysia,South-Eastern Asia,MY,32366,98.5,74.0,78.1,105.7,11373.3,4.7,3.4,5.9,2.0,2.1,76.6,81.2,85.4,78.8,211.0,67.6
Maldives,Southern Asia,MV,540,1801.8,77.1,80.4,173.5,10330.6,6.9,6.4,6.8,1.9,0.7,40.2,63.2,91.6,88.4,31.3,3.3
Mali,Western Africa,ML,20251,16.6,58.0,59.5,100.4,900.1,6.7,7.3,65.8,5.9,2.5,43.1,13.0,37.0,45.0,31.3,3.9
Malta,Southern Europe,MT,442,1379.8,80.4,84.1,100.6,33122.8,6.6,3.4,5.0,1.4,1.6,94.7,81.7,104.7,104.8,1.5,1.1
Marshall Islands,Micronesia,MH,53,295.8,71.3,72.5,104.5,3666.9,2.6,4.7,25.4,4.1,2.5,77.4,38.7,66.6,62.4,31.3,70.2
Mauritania,Western Africa,MR,4650,4.5,63.0,66.2,100.9,1730.4,3.6,9.6,53.4,4.6,2.5,54.5,20.8,37.1,36.5,31.3,0.2
Turkey,Western Asia,TR,84339,109.6,74.3,80.2,97.5,9367.9,2.8,12.9,8.9,2.1,2.6,75.6,71.0,103.4,108.5,378.6,15.2
Mexico,Central America,MX,128933,66.3,72.1,77.8,95.8,9694.9,2.0,3.6,13.5,2.1,29.1,80.4,65.8,108.2,100.7,446.0,34.0
"Micronesia, Federated States Of",Micronesia,FM,115,164.3,66.1,69.4,103.4,3296.4,1.4,5.4,23.5,3.1,2.5,22.8,35.3,86.6,79.9,31.3,91.8
"Moldova, Republic Of",Eastern Europe,MD,4034,122.8,67.4,75.9,91.9,2791.0,2.8,5.4,12.4,1.3,4.1,42.7,76.1,86.5,87.3,7.5,12.4
Monaco,Western Europe,MC,39,26373.8,70.65,76.69999999999999,94.7,185835.0,6.1,5.4,14.35,2.3,0.0,100.0,97.1,91.6,88.4,31.3,31.55
Mongolia,Eastern Asia,MN,3278,2.1,65.5,73.8,97.1,4103.7,6.7,6.0,18.1,2.9,6.2,68.5,47.2,94.8,88.3,19.3,8.1
Montenegro,Southern Europe,ME,628,46.7,74.2,79.1,97.8,8771.7,5.1,14.8,2.8,1.8,2.2,67.2,71.5,90.5,89.3,2.2,61.5
Morocco,Northern Africa,MA,36911,82.7,75.1,77.5,98.5,3272.9,3.7,9.0,19.9,2.4,1.4,63.0,64.8,76.6,83.7,58.1,12.6
Mozambique,Eastern Africa,MZ,31255,39.7,57.0,62.8,94.5,498.9,3.4,3.2,53.9,4.9,3.5,36.5,10.0,33.4,37.4,7.6,48.2
Myanmar,South-Eastern Asia,MM,54410,83.3,63.7,69.8,93.0,1354.4,6.2,1.7,38.4,2.2,2.3,30.9,30.7,71.3,65.6,30.4,44.5
Namibia,Southern Africa,AD,2541,3.1,60.0,65.8,94.1,5930.1,-0.1,20.6,33.4,3.4,17.7,51.0,51.0,70.0,61.5,4.0,8.4
Nauru,Micronesia,NR,11,561.4,57.8,64.8,101.9,11875.9,-4.0,23.0,18.0,3.9,2.5,100.0,57.0,83.6,81.9,31.3,0.0
Nepal,Southern Asia,NP,29137,203.3,68.8,71.7,84.5,990.6,6.7,1.5,27.9,1.9,2.3,20.2,34.0,83.0,77.4,10.1,25.4
Netherlands,Western Europe,NL,17135,508.2,80.3,83.8,99.3,53583.1,2.6,3.0,2.5,1.7,0.6,91.9,94.7,136.5,134.7,155.6,11.2
New Zealand,Oceania,NZ,4822,18.3,80.3,83.8,96.7,43836.2,2.8,4.0,3.8,1.9,0.7,86.6,90.8,118.2,111.1,32.2,38.6
Nicaragua,Central America,NI,6625,55.0,70.6,77.7,97.2,2028.9,-3.8,7.4,16.8,2.4,7.2,58.8,27.9,78.0,69.1,5.1,25.9
Niger,Western Africa,NE,24207,19.1,60.7,63.0,101.1,571.3,7.0,0.5,46.3,7.0,4.4,16.5,5.3,20.7,27.7,2.0,0.9
Nigeria,Western Africa,NG,206140,226.3,53.3,55.1,102.8,2153.5,1.9,8.0,62.1,5.4,34.5,51.2,42.0,39.8,44.1,86.0,7.7
"Macedonia, The Former Yugoslav Republic Of",Southern Europe,MK,2083,82.6,73.6,77.6,100.1,6062.9,3.3,16.4,10.7,1.5,1.2,58.2,79.2,80.3,82.5,7.4,39.6
Oman,Western Asia,OM,5107,16.5,75.8,80.0,194.1,19072.8,2.1,2.6,7.3,2.9,0.3,85.4,80.2,102.5,111.0,65.5,0.0
Pakistan,Southern Asia,PK,220892,286.5,66.1,68.0,106.0,1330.4,5.4,4.4,61.3,3.6,3.9,36.9,15.5,39.1,45.9,183.4,1.9
Palau,Micronesia,PW,22,48.8,68.1,77.8,113.3,15859.4,1.7,4.2,13.3,2.2,11.2,80.5,58.95,122.9,110.8,31.3,87.6
Panama,Central America,PA,4315,58.0,75.1,81.5,100.2,15575.1,3.7,3.8,14.1,2.5,9.4,68.1,57.9,78.3,74.1,9.6,62.3
Papua New Guinea,Melanesia,PG,8947,19.8,62.9,65.4,104.3,2681.4,0.0,2.5,41.9,3.6,9.8,13.2,11.2,39.9,54.7,31.3,74.1
Paraguay,South America,PY,7132,18.0,72.1,76.2,103.3,5794.6,4.0,4.8,19.0,2.4,7.1,61.9,65.0,78.6,73.3,7.7,38.6
Peru,South America,PE,32972,25.8,73.7,79.2,98.7,6947.3,4.0,3.2,12.8,2.3,7.9,78.1,52.5,103.6,109.3,49.7,57.8
Philippines,South-Eastern Asia,PH,109581,367.5,67.1,75.3,100.9,3102.7,6.2,2.2,19.7,2.6,6.5,47.1,60.1,90.6,82.0,126.5,27.0
Poland,Eastern Europe,PL,37847,123.6,74.5,82.4,94.0,15444.0,5.1,3.0,3.3,1.4,0.7,60.0,77.5,108.1,111.7,305.8,30.8
Portugal,Southern Europe,PT,10197,111.3,78.7,84.6,89.8,23477.7,2.4,5.9,3.0,1.3,0.8,65.8,74.7,118.7,121.1,50.8,34.7
Qatar,Western Asia,QA,2881,248.2,78.9,81.8,302.4,68793.7,1.5,0.1,6.3,1.9,0.4,99.2,99.7,102.7,108.3,80.1,0.0
Romania,Eastern Europe,RO,19238,83.6,72.4,79.3,94.6,12280.8,4.0,3.9,6.7,1.6,1.3,54.1,70.7,91.4,91.1,70.8,29.8
Russian Federation,Eastern Europe,RU,145934,8.9,66.8,77.5,86.4,11394.1,2.3,4.4,5.8,1.8,8.2,74.6,80.9,102.1,104.7,1536.9,49.8
Rwanda,Eastern Africa,RW,12952,525.0,66.3,70.5,96.7,773.0,8.6,1.0,29.2,4.1,2.6,17.3,21.8,43.3,38.5,31.3,19.5
Saint Kitts And Nevis,Caribbean,KN,57,218.5,70.65,76.69999999999999,97.0,19275.4,2.9,5.4,14.35,2.3,36.1,30.8,80.7,108.7,105.1,31.3,42.3
Saint Lucia,Caribbean,LC,184,301.0,74.7,77.4,97.0,10566.0,0.9,20.2,12.5,1.4,21.4,18.8,50.8,89.4,89.3,31.3,33.3
Saint Vincent And The Grenadines,Caribbean,VC,111,284.5,70.1,74.9,102.7,7361.3,2.2,18.9,14.6,1.9,36.5,52.6,22.4,108.7,105.9,31.3,69.2
Samoa,Polynesia,WS,198,70.1,71.1,75.2,107.3,4249.6,0.7,8.4,13.4,3.9,3.1,18.1,33.6,98.0,88.8,31.3,60.4
San Marino,Southern Europe,SM,34,563.5,81.7,86.4,94.9,48472.7,1.1,6.6,14.35,2.3,0.0,97.4,60.2,63.8,71.5,31.3,0.0
Sao Tome And Principe,Middle Africa,ST,219,228.3,67.7,72.4,100.2,1948.1,2.2,13.7,26.4,4.4,3.3,73.6,29.9,95.9,82.9,31.3,55.8
Saudi Arabia,Western Asia,SA,34814,16.2,73.7,76.5,137.1,23217.2,2.2,5.9,6.3,2.3,1.3,84.1,93.3,106.8,113.2,532.2,0.5
Senegal,Western Africa,SN,16744,87.0,65.3,69.4,95.3,1501.7,6.8,6.7,32.7,4.6,0.3,47.7,46.0,45.7,41.7,8.3,43.0
Serbia,Southern Europe,RS,8737,99.9,73.2,78.4,96.0,7208.8,4.4,12.7,4.9,1.5,1.2,56.3,73.4,95.6,94.6,46.1,31.1
Seychelles,Eastern Africa,SC,98,213.8,69.8,77.3,105.3,16377.9,7.9,4.1,10.9,2.5,12.5,57.1,58.8,84.2,78.8,31.3,88.4
Sierra Leone,Western Africa,SL,7977,110.5,53.2,54.8,99.6,536.1,4.6,4.4,80.8,4.3,1.7,42.5,9.0,41.1,42.5,31.3,42.2
Singapore,South-Eastern Asia,SG,5850,8357.6,81.2,85.5,109.8,62720.9,3.2,4.4,1.6,1.2,0.2,100.0,88.2,107.0,108.1,47.4,23.1
Slovakia,Eastern Europe,SK,5460,113.5,73.7,80.8,94.9,19430.8,4.0,5.1,4.8,1.5,1.1,53.7,80.7,91.6,90.5,32.2,40.3
Slovenia,Southern Europe,SI,2079,103.2,78.2,83.8,99.2,26005.1,4.1,3.8,1.9,1.6,0.5,54.8,79.8,117.1,114.2,13.4,62.0
Solomon Islands,Melanesia,SB,687,24.5,71.1,74.6,103.4,1946.9,3.9,0.5,15.5,4.4,3.8,24.2,11.9,47.0,49.5,31.3,78.1
Somalia,Eastern Africa,SO,15893,25.3,55.3,58.7,99.4,99.6,3.1,11.4,69.3,6.1,2.5,45.6,2.0,3.7,8.1,31.3,10.1
South Africa,Southern Africa,ZA,59309,48.9,60.2,67.1,97.1,6369.2,0.8,28.5,27.2,2.4,36.4,66.9,56.2,109.0,100.4,421.7,7.6
South Sudan,Eastern Africa,SS,11194,18.3,56.0,58.9,100.2,747.7,3.4,12.3,64.4,4.7,14.9,19.9,8.0,7.7,14.3,1.5,31.55
Spain,Southern Europe,ES,46755,93.7,80.6,86.0,96.6,30405.8,2.4,13.0,2.3,1.3,0.6,80.6,86.1,126.9,125.2,253.4,36.9
Sri Lanka,Southern Asia,LK,21413,341.5,73.3,80.0,92.1,4189.7,3.2,4.2,7.6,2.2,2.4,18.6,34.1,102.6,98.0,23.1,33.0
Sudan,Northern Africa,SD,43849,24.8,63.1,66.8,99.8,1208.4,-2.3,16.6,42.9,4.4,5.1,34.9,30.9,47.0,46.3,18.8,31.55
Suriname,South America,SR,587,3.8,68.3,74.8,101.0,6003.7,2.6,7.5,17.5,2.4,5.4,66.1,48.9,88.6,67.1,1.9,98.3
Sweden,Northern Europe,SE,10099,24.6,80.8,84.4,100.4,55766.8,2.2,6.7,2.0,1.8,1.1,87.7,92.1,157.9,148.1,37.6,68.9
Switzerland,Western Europe,CH,8655,219.0,81.6,85.4,98.5,82708.5,2.8,4.8,3.4,1.5,0.6,73.8,89.7,100.2,104.7,37.1,31.7
Syrian Arab Republic,Western Asia,SY,17501,95.3,65.9,77.7,100.2,981.3,2.4,8.4,15.5,2.8,0.9,54.8,34.3,52.4,52.7,23.0,2.7
Tajikistan,Central Asia,TJ,9538,68.1,68.6,73.0,101.6,826.6,7.1,11.0,29.3,3.6,1.6,27.3,22.0,83.8,93.0,5.8,3.0
"Tanzania, United Republic Of",Eastern Africa,TZ,59734,67.4,63.0,66.6,99.9,1044.1,7.0,2.0,41.2,4.9,6.5,34.5,25.0,30.1,28.8,10.1,52.0
Thailand,South-Eastern Asia,TH,69800,136.6,73.1,80.6,94.8,7273.6,4.1,0.8,7.8,1.5,2.6,50.7,56.8,116.5,118.9,244.3,32.1
Togo,Western Africa,TG,8279,152.2,59.7,61.4,99.0,654.8,4.9,2.0,49.7,4.4,2.5,42.2,12.4,52.1,71.6,2.1,3.5
Tonga,Polynesia,TO,106,146.8,68.8,72.7,100.2,4885.8,-0.4,1.2,12.5,3.6,1.0,23.1,41.2,102.4,99.4,31.3,12.5
Trinidad And Tobago,Caribbean,TT,1400,272.8,70.7,76.0,97.5,17130.3,-0.2,2.8,22.0,1.7,30.6,53.2,77.3,91.6,88.4,18.0,45.7
Tunisia,Northern Africa,TN,11819,76.1,74.4,78.5,98.4,3449.6,2.5,16.2,12.7,2.2,3.1,69.3,64.2,99.3,86.9,26.2,6.7
Turkmenistan,Central Asia,TM,6031,12.8,64.5,71.5,97.0,6964.6,6.2,4.1,43.3,2.8,4.2,52.0,21.3,84.0,87.6,69.0,8.8
Tuvalu,Polynesia,TV,12,383.3,67.4,71.9,102.0,4000.6,7.0,6.5,10.3,3.6,18.6,63.2,49.3,71.2,62.5,31.3,33.3
Uganda,Eastern Africa,UG,45741,228.9,60.4,65.0,97.2,704.4,8.9,1.9,46.1,5.0,10.5,24.4,23.7,21.8,27.5,31.3,10.4
Ukraine,Eastern Europe,UA,43734,75.5,66.8,76.6,86.3,2956.9,3.3,8.9,7.2,1.4,6.2,69.5,62.6,95.0,96.9,171.3,16.7
United Arab Emirates,Western Asia,AE,9890,118.3,77.1,79.1,223.8,43005.0,1.7,2.4,5.5,1.4,0.5,86.8,98.4,100.4,109.3,196.5,4.5
United Kingdom,Northern Europe,GB,67886,280.6,79.4,82.9,97.7,42526.4,1.4,4.1,3.8,1.8,1.2,83.7,94.9,127.7,124.1,358.7,13.0
United States,Northern America,US,331003,36.2,76.3,81.3,97.9,62917.9,2.9,3.9,5.8,1.8,5.0,82.5,87.3,98.7,99.2,4761.3,33.9
Uruguay,South America,UY,3474,19.8,73.9,81.3,93.5,17278.1,1.6,8.8,8.7,2.0,12.1,95.4,74.8,126.6,114.1,5.9,10.5
Uzbekistan,Central Asia,UZ,33469,78.7,69.4,73.6,99.6,1555.0,5.1,6.1,20.8,2.4,1.1,50.4,55.2,92.7,93.9,81.2,7.6
Vanuatu,Melanesia,VU,307,25.2,68.8,71.9,102.8,3037.2,3.2,4.4,22.4,3.8,2.5,25.4,25.7,54.9,53.5,31.3,36.1
Holy See (Vatican City State),Southern Europe,VA,1,1820.5,70.65,76.69999999999999,219.2,5930.1,3.0,5.4,14.35,2.3,0.0,100.0,58.95,91.6,88.4,31.3,31.55
"Venezuela, Bolivarian Republic Of",South America,VE,28436,32.2,68.4,76.1,96.8,7212.2,-18.0,9.4,25.7,2.3,36.7,88.2,72.0,91.6,84.7,113.7,52.9
Viet Nam,South-Eastern Asia,VN,97339,313.9,71.2,79.4,99.7,2563.2,7.1,2.0,16.7,2.1,1.5,36.6,70.3,91.6,88.4,191.2,47.6
Yemen,Western Asia,YE,29826,56.5,64.4,67.7,101.5,935.9,-1.3,12.8,43.2,3.8,6.8,37.3,26.7,43.3,59.6,8.9,1.0
Zambia,Eastern Africa,ZM,18384,24.7,60.3,66.2,98.1,1572.3,4.1,11.4,45.6,4.7,5.4,44.1,14.3,91.6,88.4,6.0,65.4
Zimbabwe,Eastern Africa,ZW,14863,38.4,59.2,62.2,91.3,1683.8,4.8,5.0,38.7,3.6,7.5,32.2,27.1,51.3,53.5,9.7,36.4
